term,estimate,std.error,p.value
acme_0,-0.005632484255091912,0.20904075830467583,0.98
acme_1,-0.005632484255091912,0.20904075830467586,0.98
ade_0,-1.494371485076968,0.3942236388793976,0
ade_1,-1.494371485076968,0.3942236388793976,0
